<beans xmlns="http://www.springframework.org/schema/beans"
       xmlns:xsi="http://www.w3.org/2001/XMLSchema-instance"
       xmlns:context="http://www.springframework.org/schema/context"
       xmlns:aop="http://www.springframework.org/schema/aop"
       xsi:schemaLocation="http://www.springframework.org/schema/beans
        http://www.springframework.org/schema/beans/spring-beans-4.2.xsd
        http://www.springframework.org/schema/context
        http://www.springframework.org/schema/context/spring-context-4.2.xsd
         http://www.springframework.org/schema/aop 
    http://www.springframework.org/schema/aop/spring-aop-4.2.xsd ">
        

<!--  the execution of any public method: execution (public * *(..)) -->
<!--  the execution of any method with a name beginning with "set": execution (* set*(..)) -->
<!-- the execution of any method defined by the AccountService interface: execution(* com.xyz.service.AccountService.*(..))-->
<!-- the execution of any method defined in the service package: execution(* com.xyz.service.*.*(..)) -->

 <bean id="helloService"
	   class="HelloService"/>


<bean id="helloService1"
	   class="HelloService1"/>


<bean id="helloService3"
	   class="HelloService3"/>
	   
	<bean id="pqr"
         class="HelloAspect"/>   
	   
	   
	   
	   
	<aop:config>
     <aop:aspect ref="pqr"><!-- - in which class we have lines to tell what should be done before execution.
     or after execution or during throws  -->
     
	<aop:pointcut id="xyz" expression="execution(* test*())"/>
	
	<aop:before pointcut-ref="xyz" method="freak"/>
	
	
	<aop:after pointcut-ref="xyz" method="aftersayHello"/>
	<!-- 
	<aop:after-returning pointcut-ref="cross-cut" method="afterreturnsayHello"/>
      -->
     
     </aop:aspect>
   </aop:config>
   
   
   
   
   
   
   
   

         
</beans>





